Workbook

Sheet Summary
A1: AgroFlow — Water Usage Data (all zones)
A2: Farm: Green Farm
A3: Period: 4 Feb – 10 Feb 2026 · Generated 10 Feb 2026 09:49 SAST
A5: The whole farm
A6: Zones | B6: 3
A7: Pump runs | B7: 21
A8: Total pump minutes | B8: 42
A10: Zone | B10: Crop | C10: Growth stage | D10: Pump minutes | E10: Flow rate (L/min) | F10: Litres (est.) | G10: Crop need (L) | H10: Days too dry
A11: Tub 1 | B11: Tomato | C11: Not known | D11: 14 | F11: =IFERROR(D12*E12,"") | H11: 0
A12: Tub 2 | B12: Tomato | C12: Not known | D12: 14 | F12: =IFERROR(D13*E13,"") | H12: 0
A13: Veg Block | B13: Tomato | C13: Not known | D13: 14 | F13: =IFERROR(D14*E14,"") | H13: 0
A14: Whole farm | D14: =SUM(D12:D14) | F14: =SUM(F12:F14) | G14: =SUM(G12:G14) | H14: =SUM(H12:H14)
A16: Notes
A17: The flow rate column above is the one to change. Every Litres figure here and on each zone's sheet is calculated from it, so correcting a pump's rate corrects the whole workbook.
A18: Litres are estimated: pump minutes × flow rate. There is no flow meter on any AgroFlow node.
A19: Crop water need comes from the FAO-56 method (weather app + crop growth stage) × the zone's area.
A20: An empty cell means the figure could not be worked out, which is not the same as zero.
A22: No flow rate on file for: Tub 1, Tub 2, Veg Block. Those zones are not in the farm's water total. Type a rate into column E and they will be.
A24: Advice
A25: Zone | B25: Advice | C25: Why
A26: Tub 1 | B26: Add the planting date for advice that follows your crop's growth. | C26: The advice for Tub 1 would be more accurate with one more detail.
A27: Tub 1 | B27: Water Tub 1 now. Give about 36 mm (36 L per square metre). | C27: Your soil has dried to the point where tomato starts to struggle, and no rain is expected today.
A28: Tub 1 | B28: Tomato: assumed peak growth (no planting date yet). | C28: We don't know when tomato was planted, so we assume it is at peak growth, when it uses the most water.
A29: Tub 1 | B29: Tub 1 was too dry on 7 day(s) this week. | C29: On 7 day(s) this week the soil was drier than tomato can easily draw water from.
A30: Tub 2 | B30: Add the planting date for advice that follows your crop's growth. | C30: The advice for Tub 2 would be more accurate with one more detail.
A31: Tub 2 | B31: Water Tub 2 now. Give about 36 mm (36 L per square metre). | C31: Your soil has dried to the point where tomato starts to struggle, and no rain is expected today.
A32: Tub 2 | B32: Tomato: assumed peak growth (no planting date yet). | C32: We don't know when tomato was planted, so we assume it is at peak growth, when it uses the most water.
A33: Tub 2 | B33: Tub 2 was too dry on 7 day(s) this week. | C33: On 7 day(s) this week the soil was drier than tomato can easily draw water from.
A34: Veg Block | B34: Add the planting date for advice that follows your crop's growth. | C34: The advice for Veg Block would be more accurate with one more detail.
A35: Veg Block | B35: Veg Block will need water in ~2 days (Thursday). | C35: At the rate tomato is using water, the soil will reach its watering point in about 2 days.
A36: Veg Block | B36: Tomato: assumed peak growth (no planting date yet). | C36: We don't know when tomato was planted, so we assume it is at peak growth, when it uses the most water.

Sheet Daily - Tub 1
A1: Daily data — Tub 1 (Tomato)
A2: Litres (est.) is calculated: pump minutes × this zone's flow rate on the Summary sheet. Change the rate there and this column follows.
A4: Date | B4: Pump runs | C4: Pump minutes | D4: Litres (est.) | E4: Crop water need (L) | F4: Avg soil moisture (%) | G4: Area max temp (°C) | H4: Tub max temp (°C) | I4: Area humidity (%) | J4: Tub humidity (%) | K4: Rain (mm) | L4: Note
A5: Wed 4 Feb | B5: 1 | C5: 2 | D5: =IFERROR(C5*Summary!$E$12,"") | G5: 27 | I5: 55 | K5: 0
A6: Thu 5 Feb | B6: 1 | C6: 2 | D6: =IFERROR(C6*Summary!$E$12,"") | G6: 27 | I6: 55 | K6: 0
A7: Fri 6 Feb | B7: 1 | C7: 2 | D7: =IFERROR(C7*Summary!$E$12,"") | G7: 27 | I7: 55 | K7: 0
A8: Sat 7 Feb | B8: 1 | C8: 2 | D8: =IFERROR(C8*Summary!$E$12,"") | G8: 27 | I8: 55 | K8: 0
A9: Sun 8 Feb | B9: 1 | C9: 2 | D9: =IFERROR(C9*Summary!$E$12,"") | G9: 27 | I9: 55 | K9: 0
A10: Mon 9 Feb | B10: 1 | C10: 2 | D10: =IFERROR(C10*Summary!$E$12,"") | G10: 27 | I10: 55 | K10: 0
A11: Tue 10 Feb | B11: 1 | C11: 2 | D11: =IFERROR(C11*Summary!$E$12,"") | G11: 27 | I11: 55 | K11: 0
A12: Week total / average | B12: =SUM(B5:B11) | C12: =SUM(C5:C11) | D12: =SUM(D5:D11) | E12: =SUM(E5:E11) | F12: =IFERROR(AVERAGE(F5:F11),"") | G12: =IFERROR(AVERAGE(G5:G11),"") | H12: =IFERROR(AVERAGE(H5:H11),"") | I12: =IFERROR(AVERAGE(I5:I11),"") | J12: =IFERROR(AVERAGE(J5:J11),"") | K12: =SUM(K5:K11)

Sheet Daily - Tub 2
A1: Daily data — Tub 2 (Tomato)
A2: Litres (est.) is calculated: pump minutes × this zone's flow rate on the Summary sheet. Change the rate there and this column follows.
A4: Date | B4: Pump runs | C4: Pump minutes | D4: Litres (est.) | E4: Crop water need (L) | F4: Avg soil moisture (%) | G4: Area max temp (°C) | H4: Tub max temp (°C) | I4: Area humidity (%) | J4: Tub humidity (%) | K4: Rain (mm) | L4: Note
A5: Wed 4 Feb | B5: 1 | C5: 2 | D5: =IFERROR(C5*Summary!$E$13,"") | G5: 27 | I5: 55 | K5: 0
A6: Thu 5 Feb | B6: 1 | C6: 2 | D6: =IFERROR(C6*Summary!$E$13,"") | G6: 27 | I6: 55 | K6: 0
A7: Fri 6 Feb | B7: 1 | C7: 2 | D7: =IFERROR(C7*Summary!$E$13,"") | G7: 27 | I7: 55 | K7: 0
A8: Sat 7 Feb | B8: 1 | C8: 2 | D8: =IFERROR(C8*Summary!$E$13,"") | G8: 27 | I8: 55 | K8: 0
A9: Sun 8 Feb | B9: 1 | C9: 2 | D9: =IFERROR(C9*Summary!$E$13,"") | G9: 27 | I9: 55 | K9: 0
A10: Mon 9 Feb | B10: 1 | C10: 2 | D10: =IFERROR(C10*Summary!$E$13,"") | G10: 27 | I10: 55 | K10: 0
A11: Tue 10 Feb | B11: 1 | C11: 2 | D11: =IFERROR(C11*Summary!$E$13,"") | G11: 27 | I11: 55 | K11: 0
A12: Week total / average | B12: =SUM(B5:B11) | C12: =SUM(C5:C11) | D12: =SUM(D5:D11) | E12: =SUM(E5:E11) | F12: =IFERROR(AVERAGE(F5:F11),"") | G12: =IFERROR(AVERAGE(G5:G11),"") | H12: =IFERROR(AVERAGE(H5:H11),"") | I12: =IFERROR(AVERAGE(I5:I11),"") | J12: =IFERROR(AVERAGE(J5:J11),"") | K12: =SUM(K5:K11)

Sheet Daily - Veg Block
A1: Daily data — Veg Block (Tomato)
A2: Litres (est.) is calculated: pump minutes × this zone's flow rate on the Summary sheet. Change the rate there and this column follows.
A4: Date | B4: Pump runs | C4: Pump minutes | D4: Litres (est.) | E4: Crop water need (L) | F4: Avg soil moisture (%) | G4: Area max temp (°C) | H4: Tub max temp (°C) | I4: Area humidity (%) | J4: Tub humidity (%) | K4: Rain (mm) | L4: Note
A5: Wed 4 Feb | B5: 1 | C5: 2 | D5: =IFERROR(C5*Summary!$E$14,"") | G5: 27 | I5: 55 | K5: 6
A6: Thu 5 Feb | B6: 1 | C6: 2 | D6: =IFERROR(C6*Summary!$E$14,"") | G6: 27 | I6: 55 | K6: 6
A7: Fri 6 Feb | B7: 1 | C7: 2 | D7: =IFERROR(C7*Summary!$E$14,"") | G7: 27 | I7: 55 | K7: 6
A8: Sat 7 Feb | B8: 1 | C8: 2 | D8: =IFERROR(C8*Summary!$E$14,"") | G8: 27 | I8: 55 | K8: 6
A9: Sun 8 Feb | B9: 1 | C9: 2 | D9: =IFERROR(C9*Summary!$E$14,"") | G9: 27 | I9: 55 | K9: 6
A10: Mon 9 Feb | B10: 1 | C10: 2 | D10: =IFERROR(C10*Summary!$E$14,"") | G10: 27 | I10: 55 | K10: 6
A11: Tue 10 Feb | B11: 1 | C11: 2 | D11: =IFERROR(C11*Summary!$E$14,"") | G11: 27 | I11: 55 | K11: 6
A12: Week total / average | B12: =SUM(B5:B11) | C12: =SUM(C5:C11) | D12: =SUM(D5:D11) | E12: =SUM(E5:E11) | F12: =IFERROR(AVERAGE(F5:F11),"") | G12: =IFERROR(AVERAGE(G5:G11),"") | H12: =IFERROR(AVERAGE(H5:H11),"") | I12: =IFERROR(AVERAGE(I5:I11),"") | J12: =IFERROR(AVERAGE(J5:J11),"") | K12: =SUM(K5:K11)

Sheet Weather comparison
A1: Weather: area forecast vs in the tubs
A2: Area = the weather app (Open-Meteo), which is the same for the whole farm. Tubs = the DHT11 sensors, averaged across the zones that reported.
A4: Date | B4: Area max °C | C4: Tubs max °C | D4: Difference °C | E4: Area humidity % | F4: Tubs humidity % | G4: Difference % | H4: Rain (mm)
A5: Wed 4 Feb | B5: 27 | D5: =IFERROR(C5-B5,"") | E5: 55 | G5: =IFERROR(F5-E5,"") | H5: 0
A6: Thu 5 Feb | B6: 27 | D6: =IFERROR(C6-B6,"") | E6: 55 | G6: =IFERROR(F6-E6,"") | H6: 0
A7: Fri 6 Feb | B7: 27 | D7: =IFERROR(C7-B7,"") | E7: 55 | G7: =IFERROR(F7-E7,"") | H7: 0
A8: Sat 7 Feb | B8: 27 | D8: =IFERROR(C8-B8,"") | E8: 55 | G8: =IFERROR(F8-E8,"") | H8: 0
A9: Sun 8 Feb | B9: 27 | D9: =IFERROR(C9-B9,"") | E9: 55 | G9: =IFERROR(F9-E9,"") | H9: 0
A10: Mon 9 Feb | B10: 27 | D10: =IFERROR(C10-B10,"") | E10: 55 | G10: =IFERROR(F10-E10,"") | H10: 0
A11: Tue 10 Feb | B11: 27 | D11: =IFERROR(C11-B11,"") | E11: 55 | G11: =IFERROR(F11-E11,"") | H11: 0
A12: Average | B12: =IFERROR(AVERAGE(B5:B11),"") | C12: =IFERROR(AVERAGE(C5:C11),"") | D12: =IFERROR(AVERAGE(D5:D11),"") | E12: =IFERROR(AVERAGE(E5:E11),"") | F12: =IFERROR(AVERAGE(F5:F11),"") | G12: =IFERROR(AVERAGE(G5:G11),"") | H12: =SUM(H5:H11)
